uid,用户昵称,id,正文,原始图片url,视频url,位置,日期,工具,点赞数,评论数,转发数,话题,@用户,是否原创,源用户id,源用户昵称,源微博uid,源微博用户昵称,源微博id,源微博正文,源微博原始图片url,源微博视频url,源微博位置,源微博日期,源微博工具,源微博点赞数,源微博评论数,源微博转发数,源微博话题,源微博@用户
7282977839,触摸阳光866,4410569497311348,王一博奶精超话开学啦 下个月见@UNIQ-王一博 ,https://wx4.sinaimg.cn/large/007WSDevgy1g6gc0r4eecj30np0zk41f.jpg,,,2019-08-29,王一博奶精超话,1,0,0,,UNIQ-王一博,True
7282977839,触摸阳光866,4410568905709486,我在王一博奶精超话等级达到LV.6，获得活跃粉丝头衔，小伙伴们快来加入王一博奶精超话一起聊聊吧！王一博奶精超话 ,,,,2019-08-29,超话,0,0,0,,,True
7282977839,触摸阳光866,4410568561533110,王1啵的表情包超话今天开学 下个月才拿的到手机 舍不得耶波 ,"https://wx2.sinaimg.cn/large/007WSDevgy1g6gbwqrx2fj30u00u0whb.jpg,https://wx2.sinaimg.cn/large/007WSDevgy1g6gbwr5u8xj30u00yxju8.jpg,https://wx2.sinaimg.cn/large/007WSDevgy1g6gbwrm6p0j30lb0zkwgs.jpg,https://wx3.sinaimg.cn/large/007WSDevgy1g6gbwrz1mgj30es0eu755.jpg,https://wx3.sinaimg.cn/large/007WSDevgy1g6gbwse3r3j30pc0pcmzf.jpg,https://wx1.sinaimg.cn/large/007WSDevgy1g6gbwstrj5j30ty0ty77g.jpg,https://wx3.sinaimg.cn/large/007WSDevgy1g6gbwtasd3j30d20d274u.jpg,https://wx3.sinaimg.cn/large/007WSDevgy1g6gbwtmp4oj30es0esgmh.jpg,https://wx1.sinaimg.cn/large/007WSDevgy1g6gbwu7kfwj30ro0rotca.jpg",,,2019-08-29,王1啵的表情包超话,54,12,0,,,True
7282977839,触摸阳光866,4409998870036235,我在王一博蓝忘机超话等级达到LV.5，获得湘菜馆头衔，小伙伴们快来加入王一博蓝忘机超话一起聊聊吧！王一博蓝忘机超话 ,,,,2019-08-27,超话,0,0,0,,,True
7282977839,触摸阳光866,4409998799165398,我在#天天向上王一博[超话]#等级达到LV.5，获得进阶粉丝头衔，小伙伴们快来加入天天向上王一博超话一起聊聊吧！网页链接 ,,,,2019-08-27,超话,0,0,0,,,True
7282977839,触摸阳光866,4409985729388335,会摩托 会滑板 会悠悠球 会主持 会跳舞 会演戏会篮球现在还get到了新技能挖掘机 王一博的成功全是靠他的努力得来的 从来不是轻而易举来的 王一博加油！永远支持痞子王💚💚💚💚💚,,,,2019-08-27,OPPO K3 硬核少年,0,0,0,,,False,5634795408,圈八戒,4409959405878237,#王一博开挖掘机# 王一博超话 貌似第一次看到穿西装开挖掘机的，而且还那么帅气的，现在终于看到了，他真的是全能的吗？什么都会 ,"https://wx2.sinaimg.cn/large/0069l1GUgy1g6edx5txiwj30gb0pxanc.jpg,https://wx1.sinaimg.cn/large/0069l1GUgy1g6edx5vss4j30gp0n8ds6.jpg,https://wx1.sinaimg.cn/large/0069l1GUgy1g6edx5wsgrj30gm0n9gxr.jpg,https://wx4.sinaimg.cn/large/0069l1GUgy1g6edx5u8puj30ai0gzjzk.jpg,https://wx2.sinaimg.cn/large/0069l1GUgy1g6edx639cdj30lv0ggk4j.jpg,https://wx3.sinaimg.cn/large/0069l1GUgy1g6edx5z2zbj30b70h0akh.jpg,https://wx4.sinaimg.cn/large/0069l1GUgy1g6edx5xns2j308q0guae7.jpg,https://wx2.sinaimg.cn/large/0069l1GUgy1g6edx5v3k0j30ad0gxtht.jpg,https://wx1.sinaimg.cn/large/0069l1GUgy1g6edx5t3m7j30ab0guqac.jpg",,,2019-08-27,王一博超话,78528,5364,3755,王一博开挖掘机,
7282977839,触摸阳光866,4409628437594234,两家粉丝好好相处嘛 肖战和一博两个关系这么好 两家粉丝吵架 这样真的很难为哥哥们啊 我们得让哥哥们省心啊 他们已经很累了 如果我们在吵架 那哥哥们不得更累吗 我们要乖一点啊对吧,,,,2019-08-26,OPPO K3 硬核少年,0,0,0,,,False,3022199790,礻韦字,4409584267405936,王一博超话 wyb #正能量艺人王一博#   【王一博惨吗，惨】前同事粉丝在yxh下面艾特王一博，让他滚出娱乐圈，5000多人点赞，虾皮都不批了我们不撕逼，也不想给眼神，只想给我们家mtjj提个醒，别再傻白甜了评论的都别冒脏话，大家看清本质就好了最近他们有电影上映，到处碰瓷找人撕逼，为的是 ...全文,"https://wx2.sinaimg.cn/large/b4231beely1g6dgerz6jwj20rs7cwb2a.jpg,https://wx2.sinaimg.cn/large/b4231beely1g6dgeohhdxj20xr0xrdhs.jpg",,,2019-08-26,王一博超话,39578,8522,1910,正能量艺人王一博,
7282977839,触摸阳光866,4409626944501887,哥哥真的好好啊,,,,2019-08-26,OPPO K3 硬核少年,0,0,0,,,False,5575820125,陪你远行1997,4409594585767138,王一博超话 “拜拜👋🏻拜拜辛苦啦”：：他总是温柔的对待每一个人啊！@UNIQ-王一博 陪你远行1997的微博视频 ,,"http://f.video.weibocdn.com/003KJrI3gx07wwzbweCP01041200ztUv0E010.mp4?label=mp4_720p&template=720x1280.24.0&trans_finger=37e3fed30081d60f956dbe10b6ff7523&Expires=1567227739&ssig=KrTdpqd5I1&KID=unistore,video",,2019-08-26,王一博超话,19373,1695,13508,,UNIQ-王一博
﻿7282977839,触摸阳光866,4409606937464756,哥哥真的太棒了！王一博加油！会永远支持你的！#王一博赛车纪录片#  看完王一博的赛车纪录片，你有何感受？ ,,,,2019-08-26,OPPO K3 硬核少年,2,0,0,王一博赛车纪录片,,True
7282977839,触摸阳光866,4409601547602250,我在王一博粉丝超话等级达到LV.5，获得进阶粉丝头衔，小伙伴们快来加入王一博粉丝超话一起聊聊吧！王一博粉丝超话 ,,,,2019-08-26,超话,0,0,0,,,True
7282977839,触摸阳光866,4409601468352504,我在王一博极限青春超话等级达到LV.5，获得进阶粉丝头衔，小伙伴们快来加入王一博极限青春超话一起聊聊吧！王一博极限青春超话 ,,,,2019-08-26,超话,0,0,0,,,True
7282977839,触摸阳光866,4409599932777451,我在神的孩子在跳舞超话等级达到LV.5，获得进阶粉丝头衔，小伙伴们快来加入神的孩子在跳舞超话一起聊聊吧！神的孩子在跳舞超话 ,,,,2019-08-26,超话,0,0,0,,,True
7282977839,触摸阳光866,4409245733060126,"#极限青春总决赛##王一博要教肖战滑板#可以呀 哥俩合体 期待呀 《极限青春》肖战为王一博加油，下季你希望俩人合体吗？
 ",,,,2019-08-25,OPPO K3 硬核少年,0,0,0,"极限青春总决赛,王一博要教肖战滑板",,True
7282977839,触摸阳光866,4409243169898825,王一博极限青春超话捞捞我啊 ,"https://wx1.sinaimg.cn/large/007WSDevgy1g6c3ovg7u5j30u0190tcl.jpg,https://wx2.sinaimg.cn/large/007WSDevgy1g6c3ow3ymnj30u0190n18.jpg,https://wx3.sinaimg.cn/large/007WSDevgy1g6c3owxjadj30u01900wj.jpg,https://wx3.sinaimg.cn/large/007WSDevgy1g6c3oxlxp8j30u0190n11.jpg,https://wx2.sinaimg.cn/large/007WSDevgy1g6c3oyclboj30u0190djv.jpg,https://wx3.sinaimg.cn/large/007WSDevgy1g6c3oz262mj31900u077z.jpg",,,2019-08-25,王一博极限青春超话,6,16,0,,,True
7282977839,触摸阳光866,4409243002031116,王一博后援粉丝团超话互粉啊姐妹们 ,"https://wx4.sinaimg.cn/large/007WSDevgy1g6c3o0jvtlj30u0190jyr.jpg,https://wx3.sinaimg.cn/large/007WSDevgy1g6c3o1f8hvj30u01900xj.jpg,https://wx2.sinaimg.cn/large/007WSDevgy1g6c3o2cupyj30u0190af0.jpg,https://wx3.sinaimg.cn/large/007WSDevgy1g6c3o3qkaxj30u01907bj.jpg,https://wx4.sinaimg.cn/large/007WSDevgy1g6c3o547k3j30u0190gri.jpg,https://wx3.sinaimg.cn/large/007WSDevgy1g6c3o5zoplj30u019079y.jpg,https://wx1.sinaimg.cn/large/007WSDevgy1g6c3o73o8kj30u0190n2z.jpg,https://wx4.sinaimg.cn/large/007WSDevgy1g6c3o8of54j30u0191tfv.jpg,https://wx1.sinaimg.cn/large/007WSDevgy1g6c3o9npgmj30u0190ag4.jpg",,,2019-08-25,王一博后援粉丝团超话,30,8,1,,,True
7282977839,触摸阳光866,4409242691390907,我在王一博后援粉丝团超话等级达到LV.5，获得进阶粉丝头衔，小伙伴们快来加入王一博后援粉丝团超话一起聊聊吧！王一博后援粉丝团超话 ,,,,2019-08-25,超话,0,0,0,,,True
7282977839,触摸阳光866,4409239860568431,我在王一博粉丝超话等级达到LV.4，获得进阶粉丝头衔，小伙伴们快来加入王一博粉丝超话一起聊聊吧！王一博粉丝超话 ,,,,2019-08-25,超话,0,0,0,,,True
7282977839,触摸阳光866,4409239231383337,我在王一博壁纸超话等级达到LV.5，获得进阶粉丝头衔，小伙伴们快来加入王一博壁纸超话一起聊聊吧！王一博壁纸超话 ,,,,2019-08-25,超话,0,0,0,,,True
﻿7282977839,触摸阳光866,4409239180739263,我在王一博生图超话等级达到LV.5，获得进阶粉丝头衔，小伙伴们快来加入王一博生图超话一起聊聊吧！王一博生图超话 ,,,,2019-08-25,超话,0,0,0,,,True
7282977839,触摸阳光866,4409238493019279,王一博奶精超话互粉啊姐妹们 ,"https://wx4.sinaimg.cn/large/007WSDevgy1g6c35eorfuj30dj0dlq3d.jpg,https://wx4.sinaimg.cn/large/007WSDevgy1g6c35f1yi2j309609y0sq.jpg,https://wx3.sinaimg.cn/large/007WSDevgy1g6c35gj5fjj30u00u00tv.jpg,https://wx3.sinaimg.cn/large/007WSDevgy1g6c35h94tqj30q10q1jtb.jpg,https://wx2.sinaimg.cn/large/007WSDevgy1g6c35hpm7jj30qo141n0y.jpg,https://wx2.sinaimg.cn/large/007WSDevgy1g6c35i4h69j30qo0wq0v7.jpg,https://wx4.sinaimg.cn/large/007WSDevgy1g6c35igz37j30qn11c0wl.jpg,https://wx2.sinaimg.cn/large/007WSDevgy1g6c35izczyj30qc11aq7q.jpg,https://wx1.sinaimg.cn/large/007WSDevgy1g6c35jfw9vj30qh11sjv1.jpg",,,2019-08-25,王一博奶精超话,10,18,0,,,True
7282977839,触摸阳光866,4409237042591749,我在王一博奶精超话等级达到LV.5，获得进阶粉丝头衔，小伙伴们快来加入王一博奶精超话一起聊聊吧！王一博奶精超话 ,,,,2019-08-25,超话,0,0,0,,,True
7282977839,触摸阳光866,4409234395217593,wow 酷 终于更博了#王一博# #天天向上# #王一博职业赛车手#,,,,2019-08-25,OPPO K3 硬核少年,0,0,0,"王一博,天天向上,王一博职业赛车手",,False,5492443184,UNIQ-王一博,4409227239684490,#天天向上#又到了导演逼我发微博的日子，但是今天晚上有我摩托车比赛的内容，所以我是自愿的 不眨眼睛 @天天向上 ,"https://wx4.sinaimg.cn/large/005ZHJnily1g6c1v5m252j30u01hcx6p.jpg,https://wx2.sinaimg.cn/large/005ZHJnily1g6c1v2xgs4j30u01hcqv5.jpg,https://wx4.sinaimg.cn/large/005ZHJnily1g6c1v41n8jj30u01hchdt.jpg",,,2019-08-25,,1390188,154779,260085,天天向上,天天向上
7282977839,触摸阳光866,4409233317259631,我是第5038位申请创建“【超话】养啵日记”→ 养啵日记超话 的粉丝，助力创建人数越多，开通几率越大！大家快来戳这里→ 网页链接 帮我加快创建速度吧~ ,,,,2019-08-25,超话,0,0,0,,,True
7282977839,触摸阳光866,4408818001456150,//@第十六颗星星z:王一博超话#王一博极限青春# wyb#王一博极限青春#  直男领队你们会是最强战队的！加油。酷盖，冲鸭@UNIQ-王一博,,,,2019-08-24,OPPO K3 硬核少年,0,0,0,"王一博极限青春,王一博极限青春","第十六颗星星z,UNIQ-王一博",False,7030270839,腾讯视频极限青春,4408088469672940,最后的签名照福利-第二弹！喜欢我们团魂感炸裂的“直男天团”的小伙伴看这里！[星星]带#极限青春#&#极限青春总决赛#话题词转发，并说出总决赛你最想对一博领队说的话，截至到8月25号下午1点，板妹会给热转前2的小伙伴送上@UNIQ-王一博 领队签名照！ ,https://wx2.sinaimg.cn/large/007FMiB9gy1g68f2ufg25j30u01417wj.jpg,,,2019-08-22,极限青春超话,2142,884,526381,"极限青春,极限青春总决赛",UNIQ-王一博
7282977839,触摸阳光866,4408736866731164,#天天向上##王一博拍黄瓜#wow 酷 天天向上王一博厨艺首秀，与你预期的有多大差别？ ,,,,2019-08-24,OPPO K3 硬核少年,0,0,0,"天天向上,王一博拍黄瓜",,True
7282977839,触摸阳光866,4408602133593619,#王一博##王一博西装#超A awsl太撩人了 王一博西装杀超A，有没有秒到你？ ,,,,2019-08-24,OPPO K3 硬核少年,0,0,0,"王一博,王一博西装",,True
7282977839,触摸阳光866,4408598518478350,我在王一博超话等级达到LV.6，获得活跃粉丝头衔，小伙伴们快来加入王一博超话一起聊聊吧！王一博超话 ,,,,2019-08-23,超话,0,0,0,,,True
7282977839,触摸阳光866,4408593123662026,💚 是我们的酷盖王一博 💚 @UNIQ-王一博 ,"https://wx1.sinaimg.cn/large/007WSDevgy1g664955ensj30rb1ckah1.jpg,https://wx2.sinaimg.cn/large/007WSDevgy1g66495ly24j30k00tgq3k.jpg,https://wx4.sinaimg.cn/large/007WSDevgy1g66495w1eqj30k00vzmyy.jpg,https://wx1.sinaimg.cn/large/007WSDevgy1g66496z857j30u01hcdje.jpg,https://wx4.sinaimg.cn/large/007WSDevgy1g66497bjrcj30u01hcn0t.jpg,https://wx2.sinaimg.cn/large/007WSDevgy1g66497q22nj30u01hcgq0.jpg,https://wx2.sinaimg.cn/large/007WSDevgy1g66496aevnj30k00zj0uu.jpg,https://wx3.sinaimg.cn/large/007WSDevgy1g66496ndq4j30k00zkgn2.jpg,https://wx1.sinaimg.cn/large/007WSDevgy1g6649huzxqj30u01hc17c.jpg",,,2019-08-23,王一博壁纸超话,3,0,0,,UNIQ-王一博,True
﻿7282977839,触摸阳光866,4408593048537054,太另人气愤了吧！,,,,2019-08-23,OPPO K3 硬核少年,1,0,0,,,False,5857563413,陳陳陳越a,4407867916052514,王一博超话wyb#正能量艺人王一博# 刚刚刷快手看到的视频仔细看一博身上有激光笔的绿点，使用激光笔照人真的很过分诶，这种东西对人伤害很大这么做对本人有什么好处？真的很让人生气，幸好一博捂的严实，做人要有底线，能不能尊重一下艺人？心疼我酷博@UNIQ-王一博  ...全文,,"http://f.video.weibocdn.com/001oiTyNlx07woXZqq0M010412009XsV0E010.mp4?label=mp4_720p&template=720x1004.24.0&trans_finger=37e3fed30081d60f956dbe10b6ff7523&Expires=1567227747&ssig=qCO%2Btg1gBM&KID=unistore,video",,2019-08-21,微博视频,13134,1721,9082,正能量艺人王一博,UNIQ-王一博
7282977839,触摸阳光866,4408464292071207,王1啵的表情包超话互捞互粉啊 姐妹们 ,"https://wx2.sinaimg.cn/large/007WSDevgy1g69m8mk44nj30qo13zai8.jpg,https://wx4.sinaimg.cn/large/007WSDevgy1g69m8obmmzj30qo13z11l.jpg,https://wx1.sinaimg.cn/large/007WSDevgy1g69m8ooeg4j30b00bcmxe.jpg,https://wx2.sinaimg.cn/large/007WSDevgy1g69m8p729mj30ra0s3mzb.jpg,https://wx2.sinaimg.cn/large/007WSDevgy1g69m8pkxmxj30di0di3zc.jpg,https://wx4.sinaimg.cn/large/007WSDevgy1g69m8q1r7rj30hj0hjmyp.jpg",,,2019-08-23,王1啵的表情包超话,3,0,0,,,True
7282977839,触摸阳光866,4408463029206010,我在王一博奶精超话等级达到LV.4，获得进阶粉丝头衔，小伙伴们快来加入王一博奶精超话一起聊聊吧！王一博奶精超话 ,,,,2019-08-23,超话,0,0,0,,,True
7282977839,触摸阳光866,4408462962220148,王一博生图超话互捞互粉 ,"https://wx4.sinaimg.cn/large/007WSDevgy1g69m3659qej30k00zkdh4.jpg,https://wx1.sinaimg.cn/large/007WSDevgy1g69m35m7fsj30k00zjacc.jpg,https://wx3.sinaimg.cn/large/007WSDevgy1g69m1u8ikaj30fd0dx751.jpg",,,2019-08-23,王一博生图超话,12,15,0,,,True
7282977839,触摸阳光866,4408457153353760,#王一博粉丝# wyb#王一博粉丝# 你好你坏我都在 我正在做着我喜欢的事情就是我喜欢你啊@UNIQ-王一博 捞我啊姐妹们 ,"https://wx3.sinaimg.cn/large/007WSDevgy1g69lbmkj5kj30nz0zkab8.jpg,https://wx1.sinaimg.cn/large/007WSDevgy1g69lbmzg1mj30oe0zkt9u.jpg,https://wx4.sinaimg.cn/large/007WSDevgy1g69lbnijcgj30jf0kf0v2.jpg",,,2019-08-23,王一博粉丝超话,4,9,0,"王一博粉丝,王一博粉丝",UNIQ-王一博,True
7282977839,触摸阳光866,4408454699467729,我在王一博极限青春超话等级达到LV.4，获得进阶粉丝头衔，小伙伴们快来加入王一博极限青春超话一起聊聊吧！王一博极限青春超话 ,,,,2019-08-23,超话,0,0,0,,,True
7282977839,触摸阳光866,4408453214678358,绝不脱粉 还准备嫁给他呢哈哈哈哈哈哈哈哈哈,,,,2019-08-23,OPPO K3 硬核少年,0,0,0,,,False,6519332846,静之心夜,4405878792466688,王一博极限青春超话wyb#王一博方否认恋情# 酷盖，每次看到你这个视频，都能想到当初在《创造101》时你表演舞蹈让人震撼，你是一位靠实力说话的王一博，不管如何，还是继续支持你。在我的字典里，根本没有脱粉这回事，还请大家继续支持王一博，谢谢各位mtjj们@UNIQ-王一博 静之心夜的微博视频 ,,"http://f.video.weibocdn.com/000idudElx07wgdcOMko01041200I7Ly0E010.mp4?label=mp4_720p&template=1280x720.24.0&trans_finger=3e5d616a0b846b231c063771e4afedd3&Expires=1567227747&ssig=CG7287ICfF&KID=unistore,video",,2019-08-16,王一博极限青春超话,82,18,19,王一博方否认恋情,UNIQ-王一博
7282977839,触摸阳光866,4408451385993601,我在王一博后援粉丝团超话等级达到LV.4，获得进阶粉丝头衔，小伙伴们快来加入王一博后援粉丝团超话一起聊聊吧！王一博后援粉丝团超话 ,,,,2019-08-23,超话,0,0,0,,,True
7282977839,触摸阳光866,4408451205522365,我在博君一肖超话等级达到LV.4，获得琑见略同头衔，小伙伴们快来加入博君一肖超话一起聊聊吧！博君一肖超话 ,,,,2019-08-23,超话,0,0,0,,,True
7282977839,触摸阳光866,4408451180043738,我在王一博壁纸超话等级达到LV.4，获得进阶粉丝头衔，小伙伴们快来加入王一博壁纸超话一起聊聊吧！王一博壁纸超话 ,,,,2019-08-23,超话,0,0,0,,,True
﻿7282977839,触摸阳光866,4408451151143833,我在王一博生图超话等级达到LV.4，获得进阶粉丝头衔，小伙伴们快来加入王一博生图超话一起聊聊吧！王一博生图超话 ,,,,2019-08-23,超话,0,0,0,,,True
7282977839,触摸阳光866,4408451104656418,我在奶精的头盔超话等级达到LV.4，获得进阶粉丝头衔，小伙伴们快来加入奶精的头盔超话一起聊聊吧！奶精的头盔超话 ,,,,2019-08-23,超话,0,0,0,,,True
7282977839,触摸阳光866,4408163044044589,王1啵的表情包超话还有五分钟开始直播 姐妹们准备好了吗 ,https://wx1.sinaimg.cn/large/007WSDevgy1g68nn10ituj30o00nudi3.jpg,,,2019-08-22,王1啵的表情包超话,11,6,0,,,True
7282977839,触摸阳光866,4408039648232258,我在王1啵的表情包超话等级达到LV.5，获得进阶粉丝头衔，小伙伴们快来加入王1啵的表情包超话一起聊聊吧！王1啵的表情包超话 ,,,,2019-08-22,超话,0,0,0,,,True
7282977839,触摸阳光866,4407904897541048,这也太不是人了吧！把激光笔往人身上兑！艺人也是人啊 这对人的身体是不好的！不喜欢就不喜欢 也没逼着你们喜欢 干嘛还要伤害人呢！ 哥哥以后在裹多一点@UNIQ-王一博 不要再被这些坏人欺负了 真的很心疼#正能量艺人王一博#,,,,2019-08-22,OPPO K3 硬核少年,0,0,0,正能量艺人王一博,UNIQ-王一博,False,5857563413,陳陳陳越a,4407867916052514,王一博wyb#正能量艺人王一博# 刚刚刷快手看到的视频仔细看一博身上有激光笔的绿点，使用激光笔照人真的很过分诶，这种东西对人伤害很大这么做对本人有什么好处？真的很让人生气，幸好一博捂的严实，做人要有底线，能不能尊重一下艺人？心疼我酷博@UNIQ-王一博 陳陳陳越a的微博视频,,,,2019-08-21,微博视频,13134,1721,9082,正能量艺人王一博,UNIQ-王一博
7282977839,触摸阳光866,4407758599964641,哈哈哈哈哈哈哈哈哈哈不愧是你王一博@UNIQ-王一博,,,,2019-08-21,OPPO K3 硬核少年,2,0,0,,UNIQ-王一博,False,5924008266,星姐星闻,4396803497559450,王一博回应热搜  王一博《甜蜜的任务》蓝忘机的造型没什么问题，挺想拍一场淋雨戏的但是蓝忘机不能淋雨，牛仔裤塞话筒就是没手，纯属巧合#天天向上预告# #入戏# 星姐星闻的微博视频 ,,"http://f.us.sinaimg.cn/0032ZHUJlx07vCgGyLY401041201fA7a0E010.mp4?label=mp4_720p&template=1280x720.23.0&trans_finger=bead91e89870c048e540ef7cd58c7c03&Expires=1567227748&ssig=FkgTWI2Z9C&KID=unistore,video",,2019-07-22,王一博超话,2967,103,142,"天天向上预告,入戏",
7282977839,触摸阳光866,4407752737099841,啊啊啊我爱这个宝藏男孩 痞子王满足了我对男朋友的所有幻想,,,,2019-08-21,OPPO K3 硬核少年,2,0,0,,,False,5944973490,来烧酒话,4407747787817577,王一博超话“没穿着高中校服翘过一次课去看学长打篮球比赛 长大以后会后悔好吗”@UNIQ-王一博 ,"https://wx2.sinaimg.cn/large/006ukvbcgy1g67by1j93bj30zk1nxkjl.jpg,https://wx4.sinaimg.cn/large/006ukvbcgy1g67by2nzasj30zk1nxkjl.jpg,https://wx1.sinaimg.cn/large/006ukvbcgy1g67by3p0cij30zk1nxkjl.jpg,https://wx4.sinaimg.cn/large/006ukvbcgy1g67by4pn57j30zk1nxhdt.jpg,https://wx4.sinaimg.cn/large/006ukvbcgy1g67by5nw3uj30zk1nxkjl.jpg,https://wx2.sinaimg.cn/large/006ukvbcgy1g67by7mb9ej30zk3bu4qr.jpg",,,2019-08-21,王一博超话,130,52,61,,UNIQ-王一博
7282977839,触摸阳光866,4407752095232931,萝卜青菜 各有所爱 我们就是喜欢哥哥 她不喜欢算了 哥哥有我们 还有大摩托和滑板呢,,,,2019-08-21,OPPO K3 硬核少年,0,0,0,,,False,6039346337,说给玫瑰,4407749921997131,#逆风飞驰 放手一“博”# #王一博极限青春# 倾诉欲再强也不应该和病人说话再说一遍不要回黑评你回一句，就有十个猫头要切号点赞好评照顾一下自家姐妹的头发吧 ,"https://wx2.sinaimg.cn/large/006AItRTgy1g67c65abgpj30hr11jdj8.jpg,https://wx3.sinaimg.cn/large/006AItRTgy1g67c65jmdkj30hr11j0vr.jpg,https://wx2.sinaimg.cn/large/006AItRTgy1g67c65uelhj30hr11j0vz.jpg,https://wx4.sinaimg.cn/large/006AItRTgy1g67c664fdcj30hr11jwhf.jpg,https://wx1.sinaimg.cn/large/006AItRTgy1g67c66djaaj30hr11jmzp.jpg,https://wx2.sinaimg.cn/large/006AItRTgy1g67c66mgauj30hr11jgp8.jpg",,,2019-08-21,王一博超话,1434,275,180,"逆风飞驰 放手一“博”,王一博极限青春",
7282977839,触摸阳光866,4407748337258815,我在王1啵的表情包超话等级达到LV.4，获得进阶粉丝头衔，小伙伴们快来加入王1啵的表情包超话一起聊聊吧！王1啵的表情包超话 ,,,,2019-08-21,超话,0,0,0,,,True
7282977839,触摸阳光866,4407370895551725,王一博生图超话是我们的奶盖啊😁 ,https://wx1.sinaimg.cn/large/007WSDevgy1g664n4cedkj30u01hcn0t.jpg,,,2019-08-20,王一博生图超话,8,4,1,,,True
﻿7282977839,触摸阳光866,4407369557167707,王一博生图超话是我的奶盖没错了 ,"https://wx1.sinaimg.cn/large/007WSDevgy1g664i1hg1qj30k00x30tw.jpg,https://wx1.sinaimg.cn/large/007WSDevgy1g664i1szkvj30k00k0gmk.jpg,https://wx2.sinaimg.cn/large/007WSDevgy1g664i233d2j30gq0g50tf.jpg",,,2019-08-20,王一博生图超话,4,1,0,,,True
7282977839,触摸阳光866,4407368718807479,王一博壁纸超话wyb#王一博壁纸# 💚是我们酷盖王一博💚姐妹们捞捞我 ,"https://wx3.sinaimg.cn/large/007WSDevgy1g664e5ch2ij30u01o00wy.jpg,https://wx4.sinaimg.cn/large/007WSDevgy1g664e5o24rj30u00u0mzi.jpg,https://wx1.sinaimg.cn/large/007WSDevgy1g664e45r6rj30u01o00xu.jpg,https://wx2.sinaimg.cn/large/007WSDevgy1g664e60uf3j30u01hcgq0.jpg,https://wx3.sinaimg.cn/large/007WSDevgy1g664e6t5a3j30u01hcdje.jpg,https://wx4.sinaimg.cn/large/007WSDevgy1g664e6bg08j30u01hcn0t.jpg,https://wx1.sinaimg.cn/large/007WSDevgy1g664e33jw8j30rb1ckah1.jpg,https://wx2.sinaimg.cn/large/007WSDevgy1g664e3rjhqj30u01hc17c.jpg,https://wx3.sinaimg.cn/large/007WSDevgy1g664eca9klg30b40blu0x.gif",,,2019-08-20,王一博壁纸超话,27,29,1,王一博壁纸,,True
7282977839,触摸阳光866,4407350955563932,奶精的头盔超话姐妹们互粉互捞！踩点狂魔王一博🏆🏆唱跳俱佳王一博🥇🥇职业车手王一博🏆🏆天天兄弟王一博🥇🥇滑板领队王一博🏆🏆低调谦虚王一博🥇🥇认真努力王一博🏆🏆全能艺人王一博 💚 是我们的酷盖王一博 💚 @UNIQ-王一博[/cp] ,"https://wx4.sinaimg.cn/large/007WSDevgy1g662dk9791j30gv0gujru.jpg,https://wx2.sinaimg.cn/large/007WSDevgy1g662dkbcqhj30gu0guq3i.jpg,https://wx4.sinaimg.cn/large/007WSDevgy1g662dka5xaj30k00x30tw.jpg,https://wx2.sinaimg.cn/large/007WSDevgy1g662dkreiig305q0a0e81.gif",,,2019-08-20,奶精的头盔超话,1,1,0,,UNIQ-王一博,True
7282977839,触摸阳光866,4407171771494521,转发微博,,,,2019-08-20,OPPO K3 硬核少年,1,0,0,,,False,3200673035,扒圈老鬼,4407146856343523,#陈情令庆功宴# 害，王一博同学又被造谣了。去现场的人说大家都在恭祝王一博拿到了冠军，没有提图一的事儿。 ,"https://wx1.sinaimg.cn/large/bec6650bly1g65exad6a7j20yi0sidji.jpg,https://wx1.sinaimg.cn/large/bec6650bly1g65exav7n8j20jz18l0xl.jpg,https://wx4.sinaimg.cn/large/bec6650bly1g65exbo0i2j20sg16o46d.jpg,https://wx4.sinaimg.cn/large/bec6650bly1g65exby8tfj20u012cgs1.jpg,https://wx4.sinaimg.cn/large/bec6650bly1g65exc5zpaj20u018r7a7.jpg,https://wx3.sinaimg.cn/large/bec6650bly1g65exa29oqj20jg0yh0wd.jpg",,,2019-08-19,王一博超话,30189,3704,1531,陈情令庆功宴,
7282977839,触摸阳光866,4407166155011213,王1啵的表情包超话耶波啊王1啵的表情包超话酷盖的外表 奶盖的内心（姐妹们捞捞我） ,"https://wx2.sinaimg.cn/large/007WSDevgy1g65h4nr5rpj30u01t049y.jpg,https://wx4.sinaimg.cn/large/007WSDevgy1g65h4p5mn0g308c0enx6q.gif,https://wx2.sinaimg.cn/large/007WSDevgy1g65h4qv3k6j30gq0g50tf.jpg,https://wx4.sinaimg.cn/large/007WSDevgy1g65h4r3l7cj30ed0edmxx.jpg,https://wx1.sinaimg.cn/large/007WSDevgy1g65h4rfcd2j30k00ta3zr.jpg,https://wx2.sinaimg.cn/large/007WSDevgy1g65h4rr7z3j30k00k0gmk.jpg",,,2019-08-20,王1啵的表情包超话,58,40,0,,,True
7282977839,触摸阳光866,4407165680784244,我关注了王一博后援粉丝团超话，小伙伴们快来加入王一博后援粉丝团超话一起聊聊吧~戳这里→ 王一博后援粉丝团超话 ,,,,2019-08-20,超话,1,0,0,,,True
7282977839,触摸阳光866,4407163721681670,王一博奶精超话姐妹们捞捞我王一博奶精超话 ,"https://wx4.sinaimg.cn/large/007WSDevgy1g65gungelxj30u01t049y.jpg,https://wx4.sinaimg.cn/large/007WSDevgy1g65gunv6guj30jz0fu0ut.jpg,https://wx3.sinaimg.cn/large/007WSDevgy1g65guo4lrmj307z05wjrh.jpg,https://wx2.sinaimg.cn/large/007WSDevgy1g65guocvn4j306m06o74b.jpg",,,2019-08-20,王一博奶精超话,10,20,0,,,True
7282977839,触摸阳光866,4407162656283684,我关注了王一博奶精超话，小伙伴们快来加入王一博奶精超话一起聊聊吧~戳这里→ 王一博奶精超话 ,,,,2019-08-20,超话,0,0,0,,,True
7282977839,触摸阳光866,4407162383934548,我关注了神的孩子在跳舞超话，小伙伴们快来加入神的孩子在跳舞超话一起聊聊吧~戳这里→ 神的孩子在跳舞超话 ,,,,2019-08-20,超话,0,0,0,,,True
7282977839,触摸阳光866,4407162253792072,我在王一博超话等级达到LV.4，获得进阶粉丝头衔，小伙伴们快来加入王一博超话一起聊聊吧！王一博超话 ,,,,2019-08-20,超话,1,0,0,,,True
﻿7282977839,触摸阳光866,4407156365788315,//@UNIQ-王一博:谢谢！我会继续努力的[加油],,,,2019-08-20,OPPO K3 硬核少年,1,0,0,,UNIQ-王一博,False,1496862394,中国体育,4404231953477042,【恭喜！王一博获小组冠军混组第二】在今天进行的ZIC摩托车比赛中，85号赛车手王一博在第二回合继续稳夺D组冠军，同时获得混组第二名的好成绩，恭喜！因为热爱，所以更加努力[加油][加油] #王一博赛车# 体坛周报的微博视频 ,,"http://f.video.weibocdn.com/004rx3R1lx07w8FZbXgA010412002v9Q0E010.mp4?label=mp4_ld&template=632x360.24.0&trans_finger=5600ef0eab032233528102614923fb98&Expires=1567227721&ssig=rDApdtALs3&KID=unistore,video",,2019-08-11,,435137,12532,300971,王一博赛车,
7282977839,触摸阳光866,4406721172234229,转发微博,,,,2019-08-18,OPPO K3 硬核少年,2,0,0,,,False,6457502714,怎么样才能变成耶啵的摩托车呢,4406395615472159,王一博超话wyb#守护世界上最好的王一博# ❗❗❗❗❗微博正文标注上❗符号的是需要去抢主持人的黑超话，mtjj进去抢主持人，发的每一条微博链接发我，我们mtjj进行支援，直接发自己想说的话，不用做卧底！其他mtjj进行评论支援！！！！标注上❌⭕的是重点 ...全文,"https://wx1.sinaimg.cn/large/007311rAgy1g630ni361yj30k00zkwlh.jpg,https://wx3.sinaimg.cn/large/007311rAgy1g630nnvgntj30hs0c7t9i.jpg,https://wx2.sinaimg.cn/large/007311rAgy1g63rd50fuoj30j81yw7kk.jpg,https://wx3.sinaimg.cn/large/007311rAgy1g63rd6r9j3j30j81ei4j5.jpg,https://wx3.sinaimg.cn/large/007311rAgy1g644v76dmoj30cy0no776.jpg,https://wx2.sinaimg.cn/large/007311rAgy1g644vguw6tj30k00zk431.jpg",,,2019-08-17,王一博超话,1828,2252,249,守护世界上最好的王一博,
